Rank,Username,Categories,Subscribers,ISO-2,ISO-3,Average Visits,Average Likes,Average Comments
1,tseries,Entertainment,249500000.00,IN,IND,"86,200","2,700",78
2,MrBeast,Entertainment,183500000.00,US,USA,"117,400,000","5,300,000","18,500"
3,CoComelon,Music,165500000.00,US,USA,"7,000,000","24,700",0
4,SETIndia,Entertainment,162600000.00,IN,IND,"15,600",166,9
5,KidsDianaShow,Hobby,113500000.00,US,USA,"3,900,000","12,400",0
6,PewDiePie,Action_game,111500000.00,JP,JPN,"2,400,000","197,300","4,900"
7,LikeNastyaofficial,Lifestyle_(sociology),107500000.00,US,USA,"2,600,000","28,000",0
8,VladandNiki,Hobby,101400000.00,US,USA,"4,100,000","22,100",0
9,zeemusiccompany,Music_of_Asia,99700000.00,IN,IND,"74,300","2,600",32
10,WWE,Entertainment,97200000.00,US,USA,"184,500","6,300",214
11,BLACKPINK,Music,91300000.00,KR,KOR,"863,200","146,900","3,400"
12,GoldminesTelefilms,Entertainment,89700000.00,IN,IND,"34,600",421,13
13,SonySAB,Film,85400000.00,IN,IND,"35,500",615,21
14,5MinuteCraftsYouTube,Lifestyle_(sociology),80300000.00,US,USA,"164,600",703,35
15,BTS,Music,76500000.00,KR,KOR,"969,700","180,300","7,400"
16,HYBELABELS,Pop_music,72700000.00,KR,KOR,"440,700","23,900",932
17,zeetv,Entertainment,72500000.00,IN,IND,"7,300",144,1
18,Pinkfong,Entertainment,69600000.00,US,USA,"506,400",397,0
19,ChuChuTV,Film,67500000.00,IN,IND,"652,100","17,800",0
20,KondZilla,Hip_hop_music,66600000.00,BR,BRA,"30,400","1,100",4
21,colorstv,Entertainment,66600000.00,IN,IND,"14,700",413,3
22,filmigaane,Music,66400000.00,IN,IND,"33,000",392,18
23,TSeriesBhaktiSagar,Music_of_Asia,62600000.00,IN,IND,"24,900",983,35
24,tipsofficial,Music_of_Asia,60900000.00,IN,IND,"80,200",935,22
25,MOVIECLIPS,Film,59900000.00,US,USA,"16,600",231,9
26,ElReinoInfantil,Entertainment,59700000.00,AR,ARG,"393,000","2,600",0
27,dudeperfect,Lifestyle_(sociology),59700000.00,US,USA,"5,300,000","156,500","4,200"
28,aajtak,Society,58900000.00,IN,IND,"7,600",229,4
29,WaveMusicIndia,Music,58700000.00,IN,IND,"36,600",792,54
30,SonyMusicIndia,Music_of_Asia,57900000.00,IN,IND,"26,300",964,21
31,marshmello,Music,56700000.00,US,USA,"145,900","8,900",167
32,yrf,Film,55700000.00,IN,IND,"60,300","2,100",33
33,infobellshindirhymes,Film,55700000.00,IN,IND,"1,200,000","34,700",0
34,LooLooKids,Music,54800000.00,US,USA,"595,600","2,700",0
35,TaylorSwift,Music,54100000.00,US,USA,"4,300,000","300,400","15,000"
36,EdSheeran,Pop_music,53700000.00,GB,GBR,"144,200","10,200",345
37,BillionSurpriseToys,Film,53100000.00,US,USA,"1,600,000",0,0
38,ArianaGrande,Pop_music,52900000.00,US,USA,"1,100,000","85,800","3,800"
39,shemaroo,Television_program,48800000.00,IN,IND,"22,600",163,7
40,JuegaGerman,Video_game_culture,48600000.00,CL,CHL,"2,000,000","117,100","3,000"
41,BillieEilish,Pop_music,48600000.00,US,USA,"208,100","27,200",476
42,getmovies,Film,48100000.00,RU,RUS,"55,700",329,0
43,sonymusicindiaVEVO,Music_of_Asia,47500000.00,IN,IND,"36,600",664,28
44,A4a4a4a4,Lifestyle_(sociology),47300000.00,BY,BLR,"9,700,000","330,400","22,000"
45,badabunOficial,Lifestyle_(sociology),47000000.00,MX,MEX,"6,800",260,4
46,Fernanfloo,Entertainment,46500000.00,SV,SLV,0,0,0
47,BadBunnyPR,Music_of_Latin_America,46500000.00,PR,PRI,0,0,0
48,HarPalGeoOfficial,Film,46400000.00,PK,PAK,"11,000",299,2
49,vootkids,Film,46000000.00,IN,IND,"540,900","3,400",0
50,ARYDigitalasia,Entertainment,45900000.00,PK,PAK,"20,000",242,13
51,felipeneto,Lifestyle_(sociology),45600000.00,BR,BRA,"850,600","82,100","1,100"
52,abscbnentertainment,Television_program,45000000.00,PH,PHL,"6,100",180,2
53,vcsabiavideos,Entertainment,45000000.00,BR,BRA,"665,700","39,800",593
54,BRIGHTSIDEOFFICIAL,Film,44600000.00,CY,CYP,"22,700",430,21
55,KatyPerry,Pop_music,44400000.00,US,USA,"101,400","7,500",177
56,Shakira,Lifestyle_(sociology),44400000.00,CO,COL,"102,100","8,200",210
57,whindersson,Entertainment,44400000.00,BR,BRA,"174,600","35,700",154
58,MashaBearRUSSIAN,Television_program,44200000.00,RU,RUS,"664,500","5,700",0
59,Alanwalkermusic,Music,44000000.00,NO,NOR,"124,700","8,200",205
60,MashaBearEN,Television_program,43700000.00,US,USA,"856,200","7,500",0
61,HolaSoyGerman,Lifestyle_(sociology),43600000.00,CL,CHL,0,0,0
62,Mikecrack,Action_game,43400000.00,ES,ESP,"2,200,000","183,400","1,800"
63,toysandcolors,Lifestyle_(sociology),42900000.00,US,USA,"2,000,000","4,600",0
64,speedrecords,Music_of_Asia,42900000.00,IN,IND,"21,100","1,100",30
65,LikeNastya_Show,Hobby,42500000.00,US,USA,"972,200","2,400",0
66,KimberlyLoaiza,Lifestyle_(sociology),42100000.00,MX,MEX,"5,300,000","271,300","16,000"
67,IshtarMusic,Music_of_Asia,42100000.00,IN,IND,"32,600",994,9
68,luisitocomunica,Tourism,41100000.00,MX,MEX,"2,500,000","128,900","1,800"
69,LittleBabyBum,Music,41000000.00,US,USA,"99,000",184,0
70,shfa2,Lifestyle_(sociology),40600000.00,AE,ARE,"585,500","4,800",0
71,CarryMinati,Entertainment,40300000.00,IN,IND,0,0,0
72,luccastoon,Film,40100000.00,BR,BRA,"588,600","13,100",0
73,SuperSimpleSongs,Music,39900000.00,CA,CAN,"648,400","10,100",0
74,JessNoLimit,Video_game_culture,39600000.00,ID,IDN,"1,300,000","73,500","1,600"
75,xxxtentacion,Electronic_music,39500000.00,US,USA,"225,700","28,500","2,900"
76,SonyPAL,Entertainment,39500000.00,IN,IND,"21,800",255,9
77,WorkpointOfficial,Television_program,39400000.00,TH,THA,"6,200",157,1
78,gr6explode,Music,39300000.00,BR,BRA,"120,300","5,700",236
79,TEDx,Knowledge,39100000.00,US,USA,160,3,0
80,GaaneSuneAnsune,Music,39100000.00,IN,IND,"28,800",211,9
81,shfa-1,Lifestyle_(sociology),39100000.00,AE,ARE,"5,300,000","57,300",0
82,vladvaniki1,Hobby,38700000.00,US,USA,"890,600","3,400",0
83,TheEllenShow,Television_program,38300000.00,US,USA,"26,000",433,22
84,DaddyYankee,Music_of_Latin_America,38300000.00,US,USA,"82,800","6,500",123
85,LikeNastya_ESP,Lifestyle_(sociology),38100000.00,US,USA,"403,800","1,800",0
86,one31official,Television_program,38100000.00,TH,THA,"4,800",122,1
87,ABPNEWS,Society,38100000.00,IN,IND,"2,400",59,0
88,MariaClaraeJP,Lifestyle_(sociology),37700000.00,BR,BRA,"1,700,000","10,800",0
89,YouTube,Association_football,37500000.00,US,USA,"101,200","3,400",364
90,PowerKidstv,Film,37400000.00,IE,IRL,"41,700",0,0
91,Jkk_Entertainment,Entertainment,37300000.00,IN,IND,"2,300,000","20,100",363
92,UltraBollywood,Film,37300000.00,IN,IND,"24,300",185,10
93,SaregamaMusic,Music_of_Asia,37000000.00,IN,IND,"27,300",703,26
94,RicisOfficial1795,Lifestyle_(sociology),36900000.00,ID,IDN,"343,800","27,500",357
95,beterbocuk,Entertainment,36800000.00,TR,TUR,"1,000,000","54,100",214
96,IndiaTV,Politics,36700000.00,IN,IND,"14,300",255,3
97,LaGranjaDeZenon,Film,36600000.00,AR,ARG,"599,800","5,200",0
98,tseriesoldisgold,Music_of_Asia,36500000.00,IN,IND,"41,100","1,200",8
99,Ozuna,Hip_hop_music,36300000.00,PR,PRI,"22,700","2,400",76
100,TotalGaming093,Role-playing_video_game,36300000.00,IN,IND,"1,500,000","129,400","4,900"
101,GenevievesPlayhouse,Hobby,35700000.00,US,USA,"965,500",824,0
102,TechnoGamerzOfficial,Video_game_culture,35600000.00,IN,IND,"6,200,000","341,800","16,500"
103,RyansWorld,Lifestyle_(sociology),35500000.00,US,USA,"326,500","2,000",0
104,markiplier,Action-adventure_game,35500000.00,US,USA,"2,100,000","126,500","3,800"
105,tseriesapnapunjab,Music,35000000.00,IN,IND,"23,300",601,27
106,JingleToons,Entertainment,35000000.00,IN,IND,"111,400",641,0
107,thedonato,Lifestyle_(sociology),34700000.00,AR,ARG,"710,700","42,400",541
108,YOLOAVENTURAS,Lifestyle_(sociology),34600000.00,MX,MEX,"1,100,000","73,600",0
109,GeetMP3,Music,34500000.00,IN,IND,0,0,0
110,Rajshri,Film,34200000.00,IN,IND,"13,700",119,4
111,starplus,Entertainment,34200000.00,IN,IND,"10,500",267,6
112,jbalvin,Music,34200000.00,CO,COL,"16,900","1,600",60
113,SSSniperWolf,Lifestyle_(sociology),34200000.00,US,USA,"1,200,000","34,600","2,100"
114,Ch3Thailand,Television_program,34000000.00,TH,THA,"34,500",442,8
115,vegetta777,Action-adventure_game,34000000.00,ES,ESP,"249,900","19,400",209
116,NoCopyrightSounds,Electronic_music,33600000.00,GB,GBR,"191,100","6,900",363
117,KHANDESHIMOVIES,Film,33600000.00,IN,IND,"758,300","6,200",136
118,babybus,Film,33300000.00,US,USA,"267,300",623,0
119,DisneyMusicVEVO,Music,33200000.00,US,USA,"276,900","3,200",198
120,KarolG,Hip_hop_music,33000000.00,CO,COL,"74,000","2,700",165
121,WowKidz1,Entertainment,33000000.00,IN,IND,"17,200",88,0
122,PANDABOI,Food,33000000.00,IT,ITA,"2,500,000","66,600",183
123,erosentertainment,Entertainment,33000000.00,IN,IND,"7,100",93,5
124,gmanetwork,Television_program,32900000.00,PH,PHL,"2,600",83,1
125,LucasandMarcus,Technology,32800000.00,US,USA,"706,100","23,300",504
126,AboFlah,Video_game_culture,32700000.00,KW,KWT,"3,300,000","382,000","11,400"
127,MRINDIANHACKER,Lifestyle_(sociology),32600000.00,IN,IND,"6,500,000","617,400","26,000"
128,FrostDiamond,Action_game,32600000.00,ID,IDN,"316,200","13,200",386
129,MrBean,Film,32400000.00,GB,GBR,"204,400","1,800",73
130,WorldwideRecordsBhojpuri,Music_of_Asia,32200000.00,IN,IND,"44,200","1,600",29
131,rezendeevil,Lifestyle_(sociology),32200000.00,BR,BRA,"413,400","15,600",153
132,SMTOWN,Pop_music,32200000.00,KR,KOR,"132,300","12,700",505
133,PeppaPigOfficial,Television_program,32200000.00,GB,GBR,"110,200",508,0
134,zeenews,Society,32100000.00,IN,IND,"14,700",231,6
135,fedevigevani,Technology,32000000.00,MX,MEX,"7,700,000","412,200","17,000"
136,dream,Action_game,31900000.00,US,USA,"3,300,000","309,200","19,000"
137,GENIALBrightSideSpanish,Lifestyle_(sociology),31800000.00,MX,MEX,"15,500",524,21
138,luisfonsi,Music,31600000.00,US,USA,"20,800","1,400",67
139,zhong,Entertainment,31400000.00,US,USA,"2,900,000","118,300",887
140,MrBeast2,Entertainment,31300000.00,US,USA,"83,100,000","5,000,000","11,600"
141,fallontonight,Television_program,31200000.00,US,USA,"263,100","3,900",116
142,dianaandromaesp331,Hobby,31100000.00,US,USA,"403,500",714,0
143,ShortsBreak_Official,Entertainment,31000000.00,IN,IND,"8,600,000","503,400",704
144,ImagineDragons,Pop_music,31000000.00,US,USA,"77,100","10,700",217
145,vladnikihindi,Lifestyle_(sociology),30900000.00,US,USA,"897,100","3,400",0
146,AttaHalilintar,Lifestyle_(sociology),30600000.00,ID,IDN,"155,300","7,600",108
147,enaldinho,Entertainment,30600000.00,BR,BRA,"1,800,000","63,400",838
148,toyoraljanahtv,Religion,30600000.00,JO,JOR,"131,100",0,0
149,jacksepticeye,Role-playing_video_game,30400000.00,IE,IRL,"1,600,000","83,400","2,300"
150,TrapNation,Pop_music,30400000.00,US,USA,"47,800","1,600",60
151,LittleAngel,Film,30400000.00,US,USA,"394,800",209,0
152,TalkingTom,Film,30400000.00,US,USA,"201,300",798,0
153,spinninrecords,Electronic_music,30200000.00,NL,NLD,"31,900","1,200",33
154,HUMTV,Entertainment,30200000.00,PK,PAK,"1,100",7,0
155,Dushyant_kukreja,Film,30000000.00,IN,IND,"5,900,000","231,000",485
156,KLBROBijuRithvik1,Entertainment,29900000.00,IN,IND,"1,600,000","49,800",309
157,DaFuqBoom,Action_game,29800000.00,US,USA,"52,700,000","1,700,000","82,800"
158,ultrarecords,Music,29800000.00,US,USA,"15,800",607,21
159,zamzamelectronicstradingllc,Lifestyle_(sociology),29700000.00,AE,ARE,"268,700","18,400",489
160,AlanChikinChow,Entertainment,29700000.00,US,USA,"3,600,000","106,500",428
161,infobellstamilrhymes,Entertainment,29500000.00,IN,IND,"1,200,000","17,700",0
162,Maluma_Official,Music,29400000.00,US,USA,"226,400","8,500",275
163,infobellstelugurhymes,Film,29400000.00,IN,IND,"271,400","5,600",0
164,adityamovies,Entertainment,29400000.00,IN,IND,"26,600","1,000",8
165,MashaOso,Film,29300000.00,MX,MEX,"543,200","5,700",0
166,shemaroomovies,Entertainment,29200000.00,IN,IND,"24,100",242,9
167,gulshankalra07,Entertainment,29200000.00,IN,IND,"8,100,000","431,100","1,100"
168,junya1gou,Humour,29000000.00,JP,JPN,"195,000",924,34
169,adityamusic,Music_of_Asia,28800000.00,IN,IND,"28,200",568,14
170,MichaelJackson,Pop_music,28800000.00,US,USA,"227,300","9,100",0
171,GoldminesDishoom,Film,28700000.00,IN,IND,"14,100",167,0
172,DrakeOfficial,Music,28400000.00,US,USA,0,0,0
173,KidsRomaShow,Lifestyle_(sociology),28200000.00,US,USA,"1,200,000","3,100",0
174,toycantando,Music,28100000.00,CO,COL,"426,400","11,700",0
175,SandeepSeminars,Television_program,28000000.00,IN,IND,"1,200,000","58,500","4,000"
176,LankyBox,Film,28000000.00,US,USA,"346,500","6,300",200
177,bouncepatrol,Music,27900000.00,AU,AUS,"339,300","6,600",0
178,JYPEntertainment,Music,27800000.00,KR,KOR,"177,700","8,700",668
179,nickjr,Film,27800000.00,US,USA,"109,200",191,0
180,CrazyXYZ,Lifestyle_(sociology),27800000.00,IN,IND,"4,200,000","284,100","8,600"
181,DanTDM,Video_game_culture,27800000.00,GB,GBR,"3,500,000","285,000","52,500"
182,wizkhalifa,Hip_hop_music,27800000.00,US,USA,"87,400","4,100",305
183,brentrivera,Entertainment,27600000.00,US,USA,"6,400,000","154,100","5,000"
184,NichLmao,Entertainment,27500000.00,SG,SGP,"1,500,000","85,800","1,600"
185,GoldminesBollywood,Film,27300000.00,IN,IND,"8,900",62,2
186,renatongarcia,Lifestyle_(sociology),27200000.00,BR,BRA,"748,200","68,800",833
187,toypudding,Lifestyle_(sociology),27100000.00,US,USA,0,0,0
188,dbillions,Film,27100000.00,US,USA,"1,000,000",651,0
189,Netflix,Film,27000000.00,US,USA,"202,600","2,200",176
190,RaffyTulfoInAction,Society,26800000.00,PH,PHL,"398,300","5,300",443
191,enchufetv,Entertainment,26800000.00,EC,ECU,"34,300","4,300",17
192,mujjuu___14,Entertainment,26800000.00,IN,IND,"4,500,000","144,000",150
193,indosiar,Entertainment,26700000.00,ID,IDN,"18,800",471,24
194,SpiderSlack,Lifestyle_(sociology),26600000.00,BR,BRA,"532,500","37,700",192
195,worldstarhiphop,Music,26600000.00,US,USA,"40,300",993,127
196,smosh,Film,26300000.00,US,USA,"289,100","21,300",214
197,1MILLION_Dance,Pop_music,26300000.00,KR,KOR,"35,300","1,800",20
198,dianaandromahin8102,Lifestyle_(sociology),26200000.00,US,USA,"109,000",322,0
199,nickiminaj,Music,26100000.00,US,USA,"1,600,000","98,300","7,600"
200,mariliamendoncareal,Music,26100000.00,BR,BRA,0,0,0
201,TheLallantop,Society,26000000.00,IN,IND,"30,800",822,52
202,AGT,Performing_arts,25900000.00,US,USA,"186,800","3,100",197
203,davidguetta,Electronic_music,25900000.00,US,USA,0,0,0
204,ThatLittlePuff,Lifestyle_(sociology),25900000.00,US,USA,"5,100,000","299,000",573
205,postmalone,Hip_hop_music,25900000.00,US,USA,"223,100","13,100",526
206,VanossGaming,Action-adventure_game,25900000.00,US,USA,"1,300,000","56,500","1,100"
207,DanielLaBelle,Entertainment,25900000.00,US,USA,"1,700,000","130,100",892
208,abp_live,News,25800000.00,IN,IND,"2,300",49,1
209,LosPolinesios,Lifestyle_(sociology),25700000.00,MX,MEX,"1,400,000","38,400",866
210,AlejoIgoa,Technology,25700000.00,AR,ARG,"5,700,000","208,400","1,700"
211,ZHCYT,Technology,25700000.00,US,USA,"2,600,000","127,300","2,200"
212,RansEntertainment,Lifestyle_(sociology),25700000.00,ID,IDN,"365,500","11,400",399
213,wbkids,Film,25700000.00,US,USA,"76,100",699,0
214,coldplay,Pop_music,25500000.00,GB,GBR,"66,900","3,700",81
215,ChrisBrownTV,Pop_music,25500000.00,US,USA,"102,000","9,700",354
216,MarkRober,Lifestyle_(sociology),25500000.00,US,USA,"479,200","31,700",329
217,danrhodes,Performing_arts,25500000.00,GB,GBR,"414,500","19,300",131
218,TRANS7Official,Entertainment,25400000.00,ID,IDN,"1,600",29,2
219,WatchMojo,Entertainment,25100000.00,CA,CAN,"46,700","1,400",195
220,LeoNataFamily,Entertainment,25000000.00,US,USA,"2,100,000","42,100",46
221,kidstv,Film,25000000.00,US,USA,"132,600","1,600",0
222,PenMovies,Entertainment,25000000.00,IN,IND,"59,800","1,200",25
223,ChloeTing,Physical_fitness,24900000.00,AU,AUS,"192,700","7,900",621
224,PrestonYT,Entertainment,24900000.00,US,USA,"1,300,000","36,100",287
225,topperguild,Entertainment,24900000.00,US,USA,"1,800,000","77,600",838
226,akshaynagwadiya,Entertainment,24900000.00,IN,IND,"3,100,000","143,500",288
227,Yuya,Lifestyle_(sociology),24800000.00,MX,MEX,0,0,0
228,likenastyaae,Lifestyle_(sociology),24800000.00,US,USA,"587,400","3,200",0
229,unknownboyvarun,Film,24700000.00,IN,IND,"1,300,000","119,600",154
230,TsurikiShow,Entertainment,24700000.00,DE,DEU,"604,600","9,500",8
231,1theK,Music,24700000.00,KR,KOR,"10,100",595,29
232,DianaRomaARA,Entertainment,24600000.00,US,USA,"1,200,000","5,100",0
233,shfashowindia,Lifestyle_(sociology),24600000.00,AE,ARE,"1,300,000","8,800",0
234,kidschannelindia,Music,24400000.00,IN,IND,"80,300",385,0
235,goldmineshindi,Entertainment,24400000.00,IN,IND,"12,500",139,3
236,Venus_Movies,Entertainment,24400000.00,IN,IND,"39,100",425,10
237,netdmuzik,Pop_music,24400000.00,TR,TUR,"6,100",158,34
238,TheElenaYa,Music,24400000.00,US,USA,"611,400","1,100",0
239,rug,Lifestyle_(sociology),24300000.00,US,USA,"3,200,000","85,300","5,100"
240,kimpro828,Entertainment,24300000.00,KR,KOR,"2,300,000","55,300",403
241,suntv,Entertainment,24300000.00,IN,IND,"15,300",457,2
242,DJSnake,Music,24300000.00,US,USA,"16,700",846,19
243,alanbecker,Role-playing_video_game,24300000.00,US,USA,"7,600,000","582,600","5,900"
244,MayaAndMary,Lifestyle_(sociology),24100000.00,US,USA,"134,600",0,0
245,sagawa,Entertainment,24100000.00,JP,JPN,"408,800","13,300",55
246,juandediospantojaa,Entertainment,24000000.00,MX,MEX,"3,000,000","133,200","3,600"
247,EnriqueIglesias,Music,23900000.00,ES,ESP,"21,800","2,000",142
248,JamesCharles,Lifestyle_(sociology),23900000.00,US,USA,"964,500","62,300","1,100"
249,MrMaxLife,Hobby,23900000.00,GB,GBR,"824,200","19,300","3,000"
250,TroomTroom,Lifestyle_(sociology),23900000.00,US,USA,"62,900","1,200",15
251,PeppaPigEspanolLatinoOficial,Entertainment,23800000.00,GB,GBR,"604,400","1,700",0
252,misskaty1133,Hobby,23700000.00,GB,GBR,"1,300,000","15,200","1,000"
253,Ninja,Action_game,23700000.00,US,USA,"204,600","8,700",141
254,NickyJamTV,Music_of_Latin_America,23700000.00,PR,PRI,"15,800","1,200",58
255,Azhan5star,Film,23600000.00,IN,IND,"4,000,000","181,100",407
256,ishaanali11,Entertainment,23500000.00,IN,IND,"3,400,000","242,900",467
257,ValentinaPontesofc,Hobby,23500000.00,BR,BRA,"730,200","2,700",0
258,Jelly,Action_game,23500000.00,GB,GBR,"156,400","5,800",266
259,toyorbabytv,Music,23500000.00,JO,JOR,"111,400",0,0
260,SesameStreet,Film,23400000.00,US,USA,"364,800",971,0
261,TED,Knowledge,23400000.00,US,USA,"43,900",954,64
262,GMMGrammy,Pop_music,23400000.00,TH,THA,"2,900",96,3
263,WaveMusicBhojpuri,Music_of_Asia,23400000.00,IN,IND,"8,400",154,7
264,TuzelityOfficial,Lifestyle_(sociology),23300000.00,RU,RUS,"3,200,000","96,600",673
265,whitehillmusic,Music_of_Asia,23300000.00,IN,IND,"15,300",659,5
266,VaniaManiaKids,Lifestyle_(sociology),23300000.00,US,USA,"325,000",599,0
267,TechnicalGuruji,Lifestyle_(sociology),23300000.00,IN,IND,"169,500","7,600",455
268,CuteAnimalsTV.,Pet,23200000.00,US,USA,"3,400",9,0
269,BabyBusES,Entertainment,23200000.00,MX,MEX,"80,000",332,0
270,DrossRotzank,Society,23100000.00,AR,ARG,"1,700,000","105,900","3,900"
271,capitanyolotroll,Entertainment,23100000.00,MX,MEX,"3,200,000","189,300",827
272,LikeNastya_PRT,Lifestyle_(sociology),23000000.00,US,USA,"441,000","2,500",0
273,ZachChoi,Food,23000000.00,US,USA,"142,200","3,000",162
274,GoldminesCineplex,Film,23000000.00,IN,IND,"11,800",129,2
275,DangalTVChannel,Television_program,23000000.00,IN,IND,"91,900","2,100",16
276,AmiRodrigueZZ,Entertainment,22900000.00,CO,COL,"4,300,000","294,400","1,300"
277,Yoeslan,Entertainment,22900000.00,US,USA,"2,400,000","49,700",81
278,sia,Pop_music,22900000.00,AU,AUS,0,0,0
279,vladandnikiarab2,Lifestyle_(sociology),22800000.00,US,USA,"982,900","4,800",0
280,invictorgs3,Action-adventure_game,22800000.00,ES,ESP,"806,400","25,500",418
281,Kidibli,Entertainment,22800000.00,US,USA,"138,500","2,400",0
282,StokesTwins,Entertainment,22700000.00,US,USA,"11,700,000","235,000","10,000"
283,vladandnikispain,Hobby,22700000.00,US,USA,"1,000,000","3,000",0
284,mmoshaya,Lifestyle_(sociology),22700000.00,SA,SAU,"1,100,000","14,100",835
285,SSundee,Action_game,22700000.00,US,USA,"1,700,000","59,800","1,800"
286,souravjoshivlogs7028,Lifestyle_(sociology),22700000.00,IN,IND,"5,600,000","382,300","8,900"
287,THECHAINSMOKERS,Electronic_music,22700000.00,US,USA,"38,900","1,800",76
288,ZachKing,Lifestyle_(sociology),22600000.00,US,USA,"4,900,000","238,500",522
289,BenAzelart,Entertainment,22500000.00,US,USA,"3,700,000","44,900","2,700"
290,DUDUeCAROL,Lifestyle_(sociology),22500000.00,BR,BRA,"964,300","29,200",89
291,fgteev,Video_game_culture,22500000.00,US,USA,"826,800","10,300","2,100"
292,VillageCookingChannel,Lifestyle_(sociology),22500000.00,IN,IND,"21,500,000","321,500","5,900"
293,dednahype,Lifestyle_(sociology),22400000.00,LV,LVA,"598,300","10,400",25
294,disneyla,Film,22400000.00,AR,ARG,"89,100",105,0
295,smilefamily363,Music,22400000.00,US,USA,"7,600",45,0
296,NetflixIndiaOfficial,Film,22300000.00,IN,IND,"61,400","1,400",111
297,BeatboxJCOP,Entertainment,22300000.00,KR,KOR,"1,600,000",0,727
298,LIVCrime,Film,22300000.00,US,USA,"19,400",249,16
299,rotanamusic,Music,22300000.00,SA,SAU,"2,100,000","12,600",321
300,RAFAELUIZOFICIAL,Lifestyle_(sociology),22100000.00,BR,BRA,"671,700","30,500",522
301,NatGeo,Film,22100000.00,US,USA,"42,200",871,38
302,williesalim,Lifestyle_(sociology),21900000.00,ID,IDN,"396,200",0,"2,800"
303,SMOL_official,Humour,21900000.00,US,USA,"114,500","2,600",5
304,alfredolarin,Entertainment,21900000.00,SV,SLV,"12,900,000","707,600","2,100"
305,TlnovelasOficial,Entertainment,21900000.00,MX,MEX,"5,500",152,5
306,royaltyfam,Lifestyle_(sociology),21900000.00,US,USA,"4,700,000","67,000","6,600"
307,EvaBravoPlay,Hobby,21800000.00,US,USA,"332,800","1,300",0
308,infinite,Lifestyle_(sociology),21700000.00,US,USA,"884,800","45,700","1,400"
309,MartaAndRustam,Entertainment,21700000.00,US,USA,"4,100,000","65,900",52
310,khangsresearchcentre1685,Society,21700000.00,IN,IND,"7,300,000","501,700","17,000"
311,gmapublicaffairs,Entertainment,21700000.00,PH,PHL,"4,300",68,2
312,vladandnikidn,Lifestyle_(sociology),21700000.00,US,USA,"529,400","1,300",0
313,beckyg,Lifestyle_(sociology),21500000.00,US,USA,0,0,0
314,Priyal_Kukreja,Lifestyle_(sociology),21500000.00,IN,IND,"7,700,000","224,600",510
315,BaimPaula,Entertainment,21300000.00,ID,IDN,"352,500","12,600",773
316,BraveWilderness,Lifestyle_(sociology),21100000.00,US,USA,"635,400","14,400",862
317,buzzfeedtasty,Food,21100000.00,US,USA,"84,300","3,200",34
318,fatosdesconhecidos,Lifestyle_(sociology),21100000.00,BR,BRA,"92,900","10,200",407
319,lyricalemonade,Hip_hop_music,21100000.00,US,USA,"2,800,000","127,300","5,800"
320,MrVivekBindra,Entertainment,21100000.00,IN,IND,"56,900","3,100",17
321,VijayTelevision,Television_program,21100000.00,IN,IND,"99,500","1,500",18
322,kurzgesagt,Society,21100000.00,DE,DEU,"4,900,000","253,500","14,000"
323,romeo,Music,21100000.00,US,USA,"3,200,000","53,900","1,600"
324,corbuzier,Entertainment,21000000.00,ID,IDN,"2,100,000","44,400","4,700"
325,NBA,Sport,20900000.00,US,USA,"46,400","1,000",55
326,JasonDerulo,Entertainment,20800000.00,US,USA,"80,500","3,100",35
327,KiddiestvHindi,Film,20800000.00,IN,IND,"17,700",66,0
328,avicii,Music,20700000.00,SE,SWE,0,0,0
329,5MinuteCraftsDIY,Lifestyle_(sociology),20700000.00,US,USA,"14,600",110,4
330,NinjaKidz,Entertainment,20700000.00,US,USA,"289,800","6,600",217
331,7clouds,Hip_hop_music,20700000.00,US,USA,"92,100","1,200",74
332,LinkinPark,Rock_music,20700000.00,US,USA,"73,700","7,100",134
333,Mnet,Television_program,20700000.00,KR,KOR,"34,400","3,500",168
334,BabyBusID,Film,20600000.00,ID,IDN,"285,400",744,0
335,Genevieve's Playhouse,Hobby,20600000.00,IN,IND,"513,400","3,100",0
336,JoseComilaoTotoy,Film,20600000.00,BR,BRA,"199,000","5,000",0
337,jakepaul,Lifestyle_(sociology),20500000.00,US,USA,"172,400","7,500",127
338,somoynews360,Society,20500000.00,US,USA,"7,400",196,4
339,SlivkiShow,Hobby,20500000.00,UA,UKR,"2,500,000","154,200","6,800"
340,Miawaug,Video_game_culture,20500000.00,ID,IDN,"748,400","29,300","2,000"
341,EmiwayBantai,Hip_hop_music,20500000.00,IN,IND,"892,800","95,600","5,500"
342,PragatiVermaaShorts,Entertainment,20500000.00,IN,IND,"2,800,000","134,300","1,400"
343,Cookieswirlc,Action-adventure_game,20500000.00,US,USA,"147,000","2,000",482
344,gottalentglobal,Television_program,20400000.00,US,USA,"222,500","1,200",71
345,triggeredinsaan,Entertainment,20400000.00,IN,IND,"11,100,000","1,400,000","38,000"
346,SonyAATH,Entertainment,20400000.00,US,USA,"89,500",782,49
347,IShowSpeed,Sports_game,20300000.00,US,USA,"2,500,000","101,600","5,000"
348,RobinHoodGamer1,Action_game,20300000.00,BR,BRA,"465,800","17,000",533
349,5MinuteCraftsPLAY,Lifestyle_(sociology),20300000.00,US,USA,"14,300",106,5
350,marvel,Video_game_culture,20300000.00,US,USA,"94,400","5,200",216
351,rkddigital,Film,20200000.00,IN,IND,"694,400","6,300",90
352,greengoldtv,Television_program,20100000.00,IN,IND,"42,000",930,0
353,gordonramsay,Food,20100000.00,GB,GBR,"114,900","2,800",117
354,BuzzFeedVideo,Entertainment,20100000.00,US,USA,"15,500",377,8
355,unboxtherapy,Technology,20100000.00,CA,CAN,"178,500","7,300",140
356,gusttavolimaoficial,Music,20100000.00,BR,BRA,"131,000","6,000",88
357,AuthenticGames,Action-adventure_game,20100000.00,BR,BRA,"20,100","2,200",34
358,bobbyprankster,Entertainment,20100000.00,IN,IND,"2,900,000","223,500",226
359,pencilmation,Television_program,20100000.00,US,USA,"179,700","1,500",88
360,PinkPanther,Television_program,20100000.00,US,USA,"274,200","1,700",0
361,ASGamingsahil,Lifestyle_(sociology),20100000.00,IN,IND,"227,400","22,500",618
362,React,Entertainment,20100000.00,US,USA,"133,300","5,400",214
363,PTXofficial,Music,20100000.00,US,USA,0,0,0
364,VEVO,Hip_hop_music,20100000.00,US,USA,"9,500",519,7
365,goldminesgreatindiancomedy2048,Entertainment,20000000.00,IN,IND,"5,800",39,2
366,BGT,Television_program,19900000.00,GB,GBR,"40,800",576,28
367,sctv_,Entertainment,19900000.00,ID,IDN,"10,900",225,13
368,ClashOfClans,Strategy_video_game,19900000.00,FI,FIN,"1,600,000","30,100",952
369,HaerteTest,Lifestyle_(sociology),19900000.00,DE,DEU,"18,600",76,7
370,Vsauce,Knowledge,19900000.00,US,USA,"4,500,000","449,000","3,600"
371,TroomTroom_Es,Entertainment,19800000.00,ES,ESP,"76,000","1,300",24
372,etvteluguindia,Television_program,19800000.00,IN,IND,"11,300",220,1
373,tabii.urdu,Entertainment,19800000.00,TR,TUR,"17,900",485,23
374,fifa,Association_football,19700000.00,CH,CHE,"43,200","2,100",28
375,CraftyPanda,Hobby,19700000.00,US,USA,"18,000",136,5
376,DLSNews,Society,19700000.00,IN,IND,"123,000","3,800",188
377,WowKidzAction,Entertainment,19600000.00,IN,IND,"21,300",90,0
378,JakeFellman,Video_game_culture,19500000.00,US,USA,"471,300","21,600",437
379,Slick_Slime_Sam_Spanish,Lifestyle_(sociology),19500000.00,MX,MEX,"100,500","2,200",0
380,Sidemen,Lifestyle_(sociology),19500000.00,GB,GBR,"9,200,000","284,800","8,200"
381,Mashaurso,Film,19500000.00,BR,BRA,"202,400","3,000",0
382,heidizidane9861,Entertainment,19400000.00,IN,IND,"12,800",65,0
383,busyfunltd9692,Film,19300000.00,IN,IND,"4,800,000","14,500",315
384,sonotek,Music,19300000.00,IN,IND,"9,800",396,70
385,ArabGamesNetwork,Video_game_culture,19300000.00,SA,SAU,"190,600","12,800",633
386,officialajaysharma07,Entertainment,19300000.00,IN,IND,"517,700","22,000",43
387,kbsworldtv,Entertainment,19300000.00,KR,KOR,"3,700",144,6
388,theodd1sout,Entertainment,19200000.00,US,USA,0,0,0
389,degoboom,Video_game_culture,19200000.00,CL,CHL,"156,100","5,200",22
390,turmadamonica,Entertainment,19100000.00,BR,BRA,"115,600","2,000",0
391,CalvinHarris,Music,19100000.00,GB,GBR,"71,300","3,500",156
392,howridiculous,Lifestyle_(sociology),19100000.00,AU,AUS,"3,700,000","68,300",312
393,Мирошка ТВ,Lifestyle_(sociology),19100000.00,US,USA,"9,000",21,1
394,MrDegreeOfficial,Food,19100000.00,US,USA,"4,000,000","124,900",113
395,jaanvipatel,Film,19100000.00,IN,IND,"19,100,000",0,"2,200"
396,Познаватель,Hobby,19100000.00,UA,UKR,"2,300,000","33,200","2,100"
397,shemaroobollywoodcomedy,Entertainment,19100000.00,IN,IND,"15,200",132,5
398,TEDEd,Knowledge,19100000.00,US,USA,"303,100","12,400",512
399,HiBestMan,Lifestyle_(sociology),19100000.00,RU,RUS,"1,300,000","49,300","1,600"
400,cardib,Music,19100000.00,US,USA,"131,800","11,500",475
401,smilefamilyspanish1463,Lifestyle_(sociology),19000000.00,US,USA,"83,800",107,0
402,LittleAngelEspanol,Entertainment,19000000.00,MX,MEX,"123,500",339,0
403,BayashiTV_,Lifestyle_(sociology),19000000.00,JP,JPN,"5,500,000","415,900","2,500"
404,DharMann,Film,19000000.00,US,USA,0,0,0
405,deepesh_zo,Film,18900000.00,IN,IND,"713,500","44,600",330
406,grammygoldofficial,Pop_music,18800000.00,TH,THA,"12,900",309,9
407,IanLucasOficial,Lifestyle_(sociology),18800000.00,AR,ARG,"5,600,000","401,700","2,700"
408,alia,Action_game,18800000.00,GB,GBR,"336,100","10,200",297
409,ArianaGrandeVevo,Pop_music,18700000.00,US,USA,0,0,0
410,MrMarmok,Action-adventure_game,18600000.00,RU,RUS,"3,600,000","328,100","6,700"
411,LikeNastya_Vlog,Hobby,18600000.00,RU,RUS,"484,100","1,800",0
412,elcanaldePlimPlim,Film,18600000.00,AR,ARG,"665,100",0,0
413,MileyCyrus,Music,18600000.00,US,USA,"449,000","32,100",254
414,andtvchannel,Television_program,18600000.00,IN,IND,"2,100",68,0
415,Blippi,Entertainment,18600000.00,US,USA,"722,900","3,800",0
416,rsiammusic,Music,18600000.00,TH,THA,"6,200",137,5
417,DanielSaboya,Hip_hop_music,18600000.00,BR,BRA,"12,600",544,6
418,PandaShorts,Entertainment,18500000.00,SE,SWE,"1,500,000","120,300",261
419,news18India,Society,18500000.00,IN,IND,"5,400",114,1
420,NaisaAlifiaYurizaNAY,Food,18400000.00,ID,IDN,"160,900","7,800",78
421,thewillyrex,Action-adventure_game,18400000.00,ES,ESP,"55,600","4,800",22
422,MSA.official,Film,18400000.00,US,USA,"4,300,000","96,800","3,600"
423,GoodMythicalMorning,Film,18400000.00,US,USA,"447,300","20,200",532
424,SonyMusicSouthVEVO,Music_of_Asia,18400000.00,IN,IND,"1,300",7,1
425,Squeezie,Lifestyle_(sociology),18400000.00,FR,FRA,"722,400","61,700",240
426,DannyFitt,Entertainment,18300000.00,US,USA,"340,000","14,200",128
427,korayzeynep,Lifestyle_(sociology),18200000.00,TR,TUR,"198,800","5,800",0
428,GENHALILINTAR,Lifestyle_(sociology),18200000.00,ID,IDN,"89,200","2,800",59
429,INCRIVEL_PT,Lifestyle_(sociology),18200000.00,BR,BRA,"8,900",415,13
430,Apple,Lifestyle_(sociology),18200000.00,US,USA,"3,000,000","18,300",0
431,LuisFonsiVEVO,Music,18200000.00,US,USA,"2,000,000","33,100","3,000"
432,manualdomundo,Technology,18200000.00,BR,BRA,"311,200","35,500",299
433,KatieAngelTV_,Lifestyle_(sociology),18200000.00,US,USA,0,0,0
434,LikeNastya_VNM,Entertainment,18200000.00,VN,VNM,"410,200",0,0
435,SebastianYatra,Pop_music,18200000.00,CO,COL,"26,300","2,000",92
436,TaarakMehtaKaOoltahChashmah,Television_program,18200000.00,IN,IND,"117,000","1,800",34
437,Aphmau,Video_game_culture,18000000.00,US,USA,"2,000,000","37,800","2,700"
438,TheGrefg,Action-adventure_game,18000000.00,ES,ESP,"145,900","10,400",82
439,RobleisIUTU,Action-adventure_game,18000000.00,AR,ARG,"267,500","18,500",426
440,lescopaque,Entertainment,18000000.00,MY,MYS,"67,500","1,600",0
441,tanboykun,Food,18000000.00,ID,IDN,"1,400,000","25,400","1,400"
442,BispoBrunoLeonardo,Lifestyle_(sociology),18000000.00,BR,BRA,"762,100","276,400","154,000"
443,News24thinkfirst,News,18000000.00,IN,IND,"4,400",93,4
444,ZuniandFamilyofficial,Lifestyle_(sociology),18000000.00,ID,IDN,"58,300",177,0
445,YounesZarou,Lifestyle_(sociology),18000000.00,DE,DEU,"212,600","8,300",37
446,FunForKidsTVHindiRhymes,Film,18000000.00,IN,IND,"89,900",323,0
447,demilovato,Pop_music,18000000.00,US,USA,"34,300","5,200",166
448,AMARINTVHD,Television_program,18000000.00,TH,THA,"9,000",137,5
449,GameTheory,Action_game,18000000.00,US,USA,"2,600,000","120,000","4,500"
450,Narendra Modi,Politics,17900000.00,IN,IND,"63,600",75,0
451,Jane_asmr,Food,17800000.00,KR,KOR,"131,600","2,600",190
452,portadosfundos,Entertainment,17800000.00,BR,BRA,"390,100","26,200",184
453,zbingz,Action_game,17800000.00,TH,THA,"458,300","11,300",367
454,mgcplayhouse,Music,17800000.00,US,USA,"56,300",96,0
455,pawansahu777,Health,17800000.00,IN,IND,"1,700,000","129,400",912
456,thexoteam,Entertainment,17800000.00,US,USA,"797,600","50,400",179
457,Lil Pump,Hip_hop_music,17800000.00,US,USA,"772,800","45,000",185
458,IGN,Action-adventure_game,17700000.00,US,USA,"39,500","2,700",108
459,salmannomanofficial,Entertainment,17700000.00,PK,PAK,"729,900","47,600",159
460,FactTechz,Society,17600000.00,IN,IND,"139,500","5,300",566
461,jasonvlogslife,Lifestyle_(sociology),17600000.00,US,USA,"368,500",896,0
462,PrimeVideoIN,Television_program,17600000.00,US,USA,"18,400",535,4
463,JFlaMusic,Music,17600000.00,KR,KOR,"59,800","3,100",426
464,musicalrmastv1,Music,17600000.00,IQ,IRQ,"103,600","4,500",259
465,mkbhd,Lifestyle_(sociology),17600000.00,US,USA,"1,400,000","81,100","2,500"
466,RepublicTVBharat,News,17600000.00,IN,IND,"7,100",0,3
467,zappytoons,Film,17500000.00,IN,IND,"110,400",625,0
468,ElReinoAJugar,Entertainment,17500000.00,AR,ARG,"216,600",570,0
469,HowToBasic,Lifestyle_(sociology),17400000.00,AU,AUS,"1,800,000","63,500","5,200"
470,stubbornfacts,Film,17400000.00,IN,IND,"20,700","1,000",56
471,TheBrianMaps,Video_game_culture,17400000.00,RU,RUS,"5,100,000","390,700","11,000"
472,anitta,Pop_music,17400000.00,BR,BRA,"67,700","5,600",111
473,jordanmatter,Lifestyle_(sociology),17400000.00,US,USA,"7,900,000","98,500","8,500"
474,TRANSTVofficial,Television_program,17300000.00,ID,IDN,"1,000",17,1
475,JohnyFamilyShow,Lifestyle_(sociology),17300000.00,US,USA,"52,500",129,0
476,popchartbusters,Music,17200000.00,IN,IND,"14,500",350,48
477,Willyrex,Action_game,17200000.00,ES,ESP,"133,400","10,000",72
478,Queen,Music,17200000.00,GB,GBR,"122,500","8,600",206
479,issei0806,Entertainment,17200000.00,JP,JPN,"3,700,000","175,000",156
480,Filaretiki,Lifestyle_(sociology),17200000.00,US,USA,"336,500","10,400",32
481,AayuandPihuShow,Lifestyle_(sociology),17000000.00,IN,IND,"2,600,000","44,300","7,100"
482,SriBalajiMovies,Film,17000000.00,IN,IND,"9,800",281,0
483,PrajapatiNews,Society,17000000.00,IN,IND,"13,200",731,34
484,LikeNastya_IDN,Hobby,17000000.00,ID,IDN,"241,500",0,0
485,VICE,Television_program,17000000.00,US,USA,"45,600",884,56
486,GatoGalactico,Entertainment,17000000.00,BR,BRA,"71,900","1,500",0
487,LahariMusicIndia,Entertainment,17000000.00,IN,IND,"14,000",523,8
488,nomanofficial786,Film,17000000.00,IN,IND,"2,800,000","245,000","1,500"
489,BBCHindi,Society,17000000.00,IN,IND,"84,900",0,181
490,GuavaJuice,Entertainment,17000000.00,US,USA,"172,400","10,400","1,300"
491,withkids2063,Hobby,16900000.00,US,USA,"28,200",0,0
492,BeastPhilanthropy,Lifestyle_(sociology),16900000.00,US,USA,"21,500,000","952,100","24,000"
493,BollywoodClassics,Music,16900000.00,IN,IND,"40,100",191,12
494,DesiMelodies,Music_of_Asia,16800000.00,IN,IND,"2,400,000","9,500",259
495,IvanaAlawi,Food,16800000.00,PH,PHL,"3,200,000","109,400","6,800"
496,NMFNews,Society,16800000.00,IN,IND,"4,000",86,2
497,DeToxoMoroxo-Oficial,Video_game_culture,16800000.00,MX,MEX,"352,900","15,600","2,800"
498,ufc,Mixed_martial_arts,16800000.00,US,USA,"86,700","1,700",189
499,gmmtv,Television_program,16800000.00,TH,THA,"34,000",951,27
500,SagarKalraShorts,Entertainment,16800000.00,IN,IND,"864,100","8,000",129
501,disneyjunior,Film,16800000.00,US,USA,"116,400",342,0
502,TuCOSMOPOLIS,Society,16800000.00,MX,MEX,"37,900","2,400",249
503,Chapitosiki,Lifestyle_(sociology),16800000.00,RU,RUS,"272,800","6,500",15
504,thairathonline,Television_program,16700000.00,TH,THA,"9,100",137,6
505,viralhog,Pet,16700000.00,US,USA,"39,500","1,300",28
506,failarmy,Lifestyle_(sociology),16700000.00,US,USA,"2,200,000","20,700",746
507,IDEASEN5MINUTOSoficial,Lifestyle_(sociology),16700000.00,MX,MEX,"116,500",246,8
508,FunFunMiniWorld,Lifestyle_(sociology),16700000.00,US,USA,"29,500",755,0
509,ch7hd,Entertainment,16600000.00,TH,THA,"2,500",66,1
510,DailyDoseOfInternet,Entertainment,16600000.00,US,USA,"4,000,000","193,200","5,200"
511,KaykaiSalaiderChannel,Lifestyle_(sociology),16600000.00,TH,THA,"813,000","32,500",369
512,LEGO,Film,16600000.00,KR,KOR,"28,000",304,0
513,RCTILAYARDRAMAINDONESIA,Television_program,16600000.00,ID,IDN,"10,200",174,5
514,tarik_alhalapi,Entertainment,16500000.00,TR,TUR,"2,300,000","59,000",154
515,SandraCiresArt,Hobby,16500000.00,US,USA,0,0,0
516,Pitbull,Hip_hop_music,16500000.00,US,USA,"9,800",859,42
517,boyceavenue,Pop_music,16500000.00,US,USA,"17,200","1,400",26
518,LaRosaDeGuadalupeOf,Entertainment,16500000.00,MX,MEX,"58,500","1,200",25
519,samsmith,Music,16500000.00,GB,GBR,"28,500","1,900",67
520,Lyna,Action_game,16400000.00,AR,ARG,"327,300","9,600",816
521,Mrwhosetheboss,Lifestyle_(sociology),16400000.00,GB,GBR,"3,400,000","167,900","1,500"
522,Infobellsbengalirhymes,Entertainment,16400000.00,IN,IND,"746,400","20,500",0
523,GLENTYOUTUBE,Role-playing_video_game,16400000.00,BY,BLR,"1,800,000","100,900","1,800"
524,T3ddy,Entertainment,16400000.00,BR,BRA,"413,500","42,600",941
525,FitDanceTV,Hip_hop_music,16400000.00,BR,BRA,"29,100",844,11
526,jjolatunji,Entertainment,16400000.00,GB,GBR,"2,800,000","145,700","4,600"
527,mattstonie,Food,16400000.00,US,USA,"1,800,000","54,600","1,800"
528,TWICE,Pop_music,16400000.00,KR,KOR,"350,600","51,700",304
529,rubentuestaoficial,Entertainment,16400000.00,AR,ARG,"2,500,000","291,400","1,800"
530,Unspeakable,Lifestyle_(sociology),16400000.00,US,USA,"1,900,000","40,000",318
531,vladandnikiarab,Entertainment,16300000.00,US,USA,"126,100",613,0
532,ADME_RU,Lifestyle_(sociology),16300000.00,RU,RUS,"17,200",472,26
533,DearSir,Entertainment,16300000.00,IN,IND,"266,300","22,500","2,300"
534,JoseComelonEspanol,Film,16300000.00,MX,MEX,"484,600","1,900",0
535,NasyaOfficial,Hobby,16200000.00,ID,IDN,"853,900","15,100",136
536,antrax,Lifestyle_(sociology),16200000.00,MX,MEX,"623,600","39,500",746
537,kidsplay,Lifestyle_(sociology),16200000.00,US,USA,"28,300",132,0
538,DylandPROS,Action-adventure_game,16200000.00,ID,IDN,"21,500",996,28
539,TV9Bharatvarsh,News,16200000.00,IN,IND,"4,100",97,1
540,mkmusic,Christian_music,16100000.00,BR,BRA,"29,200","1,700",67
541,MoreAliA,Video_game_culture,16100000.00,GB,GBR,"645,200","11,900",389
542,MYFAMILYComedy,Humour,16100000.00,IN,IND,"2,600,000","5,400",104
543,camilo,Lifestyle_(sociology),16000000.00,CO,COL,"560,000","17,000",590
544,Arifmuhammadd,Entertainment,16000000.00,ID,IDN,"3,300,000","62,400","2,000"
545,SonyLIV,Entertainment,16000000.00,IN,IND,"9,300",105,4
546,wifistudy,Knowledge,16000000.00,IN,IND,"3,900",184,4
547,katakit_baby,Music,16000000.00,SA,SAU,"174,500","1,200",0
548,MazhavilManorama,Film,16000000.00,IN,IND,"13,300",299,1
549,JulianaBaltar,Lifestyle_(sociology),16000000.00,BR,BRA,"207,800","9,400",139
550,KarlaBustillos,Entertainment,16000000.00,MX,MEX,"5,400,000","362,000","2,100"
551,kuplinovplay,Strategy_video_game,16000000.00,RU,RUS,"1,900,000","124,700","2,300"
552,VolgaVideo,Entertainment,16000000.00,IN,IND,"3,500",22,0
553,DopeLyrics,Hip_hop_music,16000000.00,US,USA,"24,200",242,16
554,hamaarbhojpuri,Music_of_Asia,16000000.00,IN,IND,"32,200","1,200",22
555,yudistardhana,Lifestyle_(sociology),16000000.00,ID,IDN,"492,000","18,300",148
556,MashaBearARAB,Film,15900000.00,SA,SAU,"226,000","4,300",0
557,ChetanMongaVlogs,Film,15900000.00,IN,IND,"1,400,000","95,100",238
558,TeamFilmsBhojpuri,Music_of_Asia,15900000.00,IN,IND,"11,600",241,17
559,KashviAdlakha,Lifestyle_(sociology),15900000.00,IN,IND,"97,900","2,800",16
560,BlippiEspanol,Film,15900000.00,MX,MEX,"245,100",628,0
561,pinkshirtcouple,Lifestyle_(sociology),15800000.00,US,USA,"3,200,000","123,400",843
562,ColorsRishtey1,Entertainment,15800000.00,IN,IND,"3,600",29,1
563,RottenTomatoesTRAILERS,Entertainment,15800000.00,US,USA,"34,600",510,49
564,FCBarcelona,Sport,15800000.00,ES,ESP,"164,500","12,100",172
565,5MCArabic,Hobby,15800000.00,EG,EGY,"32,500",169,4
566,5MinuteCraftsFAMILY,Lifestyle_(sociology),15800000.00,US,USA,"5,200",71,3
567,TheMriDul,Film,15700000.00,IN,IND,"7,400,000","349,500","10,200"
568,TalkingFriends,Film,15700000.00,US,USA,"17,800",125,0
569,SonyMusicSouth,Film,15600000.00,IN,IND,"256,100","3,000",85
570,zutigang,Entertainment,15600000.00,IL,ISR,"124,400","4,900",24
571,HenriqueeJuliano,Music,15600000.00,BR,BRA,"2,000,000","19,100",453
572,FFUNTV,Food,15600000.00,AE,ARE,0,0,0
573,CNN,Society,15600000.00,US,USA,"152,800","2,300",983
574,MobileLegends5v5MOBA,Action_game,15600000.00,US,USA,"80,900",695,6
575,Zayn,Electronic_music,15600000.00,US,USA,"145,200","20,500",935
576,genierock,Rock_music,15600000.00,TH,THA,"66,700",742,41
577,TheHarshBeniwal,Entertainment,15600000.00,IN,IND,0,0,0
578,joerogan,Entertainment,15600000.00,US,USA,"1,200,000","20,700","3,100"
579,SRKMUSIC,Music,15600000.00,IN,IND,"13,000",318,20
580,EliKids,Film,15600000.00,US,USA,"173,500","2,300",0
581,Senya_Super,Lifestyle_(sociology),15500000.00,US,USA,"15,800",117,0
582,ShriPrashant,Religion,15500000.00,IN,IND,"71,800","6,300",44
583,A2Motivation,Society,15500000.00,IN,IND,"715,000","103,500",634
584,LOKESHGAMER,Video_game_culture,15400000.00,IN,IND,"240,400","27,400",660
585,Kerajinan5-Menit,Hobby,15400000.00,ID,IDN,"11,500",70,3
586,romanatwoodvlogs,Vehicle,15400000.00,US,USA,"2,500,000","106,700","4,300"
587,LinusTechTips,Lifestyle_(sociology),15400000.00,CA,CAN,"1,100,000","54,800","3,100"
588,DaveAndAva,Entertainment,15400000.00,US,USA,"164,100",559,0
589,kompastv,Society,15400000.00,ID,IDN,"4,400",34,5
590,_vector_,Entertainment,15400000.00,US,USA,"15,400,000","712,400","1,200"
591,THE_BROWN_SIBLINGS,Entertainment,15400000.00,IN,IND,"234,500","15,600",57
592,Jesser,Lifestyle_(sociology),15400000.00,US,USA,"1,300,000","50,600",321
593,RayWilliamJohnson,Music,15400000.00,US,USA,"2,600,000","237,600","1,800"
594,GoAmiGo,Lifestyle_(sociology),15400000.00,CO,COL,"7,900,000","455,300","2,300"
595,nianaguerrero,Hobby,15400000.00,PH,PHL,"504,800","12,100",290
596,abscbnnews,Society,15400000.00,PH,PHL,"3,800",39,2
597,ndtvindia,Politics,15400000.00,IN,IND,"3,300",38,2
598,MNCTVOfficialId,Entertainment,15300000.00,ID,IDN,"1,200",34,0
599,OyuncakAvi-oyku,Entertainment,15300000.00,TR,TUR,"25,400",0,0
600,studyiqofficial,Knowledge,15200000.00,IN,IND,"16,400",883,21
601,ranzkyle,Hobby,15200000.00,PH,PHL,"399,900","19,100",572
602,MohamedRamadan,Film,15200000.00,EG,EGY,"272,900","6,400",82
603,HongyuASMR,Lifestyle_(sociology),15200000.00,KR,KOR,"368,500","4,100",148
604,DaftarPopuler,Society,15200000.00,ID,IDN,"56,400",749,97
605,EdisonPts,Action-adventure_game,15200000.00,RU,RUS,"1,600,000","108,100","4,200"
606,SupercarBlondie,Lifestyle_(sociology),15200000.00,AE,ARE,"745,100","23,100",425
607,PlayStation,Action-adventure_game,15200000.00,US,USA,"33,100",995,83
608,Thaich8,Television_program,15200000.00,TH,THA,"9,000",135,4
609,kwebbelkop,Entertainment,15200000.00,US,USA,"60,800",602,279
610,mariale,Lifestyle_(sociology),15200000.00,US,USA,"17,700","1,200",19
611,PPMussas,Technology,15200000.00,MX,MEX,"230,400","10,400",393
612,Makiman131,Entertainment,15200000.00,ES,ESP,"238,400","11,000",345
613,LittleAngelBrasil,Film,15100000.00,BR,BRA,"206,800",453,0
614,zncoficial,Music,15100000.00,BR,BRA,"20,400","1,800",33
615,indorephysicalacademy.,Lifestyle_(sociology),15100000.00,IN,IND,"54,800","3,900",95
616,NetflixJr,Film,15100000.00,US,USA,"104,200",197,0
617,TazerCraft,Video_game_culture,15000000.00,BR,BRA,"182,000","12,700",525
618,PeetMontzingo,Lifestyle_(sociology),15000000.00,US,USA,"1,700,000",0,"1,100"
619,XpressTV,Lifestyle_(sociology),15000000.00,MX,MEX,"1,100,000","33,400",311
620,ABCNews,Society,15000000.00,US,USA,"10,900",115,50
621,Therichest,Vehicle,15000000.00,US,USA,"8,500",246,19
622,leagueoflegends,Strategy_video_game,15000000.00,US,USA,"909,100","45,300","1,900"
623,RS1313Shorts,Lifestyle_(sociology),15000000.00,IN,IND,"5,000",49,9
624,mispastelitos,Food,15000000.00,MX,MEX,"1,700,000","89,700",903
625,crashcourse,Knowledge,15000000.00,US,USA,"28,900","1,200",32
626,5MinuteCraftsRecycle,Food,15000000.00,US,USA,"6,300",70,3
627,itowngameplay,Action_game,15000000.00,ES,ESP,"47,100","2,600",167
628,TroomTroomRu,Entertainment,15000000.00,UA,UKR,"96,000","2,000",11
629,jorgeemateus,Music_of_Latin_America,14900000.00,BR,BRA,"72,600","2,400",103
630,cure0721,Entertainment,14900000.00,KR,KOR,"3,300,000","245,100","2,300"
631,iamneetubisht,Lifestyle_(sociology),14900000.00,IN,IND,"3,500,000","200,400",215
632,SusyMouriz,Entertainment,14900000.00,MX,MEX,"4,900,000","364,000","1,400"
633,MattyBRaps,Music,14900000.00,US,USA,"267,900",949,0
634,OReinoInfantil,Music,14900000.00,BR,BRA,"88,300",262,0
635,AadishaktiFilms,Music_of_Asia,14900000.00,IN,IND,"12,500",336,30
636,GyanGaming,Action_game,14800000.00,IN,IND,"264,800","22,700",248
637,fueledbyramen,Independent_music,14800000.00,US,USA,"88,400",696,40
638,camilaloures,Lifestyle_(sociology),14800000.00,BR,BRA,"271,900","16,700",237
639,sevengersofficial,Entertainment,14800000.00,IN,IND,"3,200,000","342,100",486
640,MeghanTrainor,Entertainment,14800000.00,US,USA,"17,600",662,49
641,theslowmoguys,Lifestyle_(sociology),14800000.00,US,USA,"1,100,000","66,200","1,700"
642,majorlazer,Electronic_music,14800000.00,US,USA,"25,700",722,36
643,lachlan,Video_game_culture,14800000.00,AU,AUS,"500,700","19,500",262
644,MalumaVEVO,Pop_music,14800000.00,CO,COL,"226,400","8,500",275
645,chadwildclay,Lifestyle_(sociology),14800000.00,US,USA,"864,700","17,500","3,200"
646,auron,Action-adventure_game,14800000.00,ES,ESP,"1,100,000","48,800",861
647,E_MasterSensei,Video_game_culture,14800000.00,MX,MEX,"519,800","32,200",459
648,MartinGarrix,Electronic_music,14800000.00,US,USA,"40,700","4,000",130
649,facts806,Society,14800000.00,SA,SAU,"12,500",744,17
650,collegehumor,Entertainment,14800000.00,US,USA,"212,000","10,100",487
651,BBCNews,Society,14800000.00,GB,GBR,"66,300",913,444
652,DocTops,Society,14800000.00,EC,ECU,"1,300,000","45,200",881
653,PrestonPlayz,Video_game_culture,14800000.00,US,USA,"787,300","11,900",686
654,vladandnikiport,Lifestyle_(sociology),14700000.00,US,USA,"511,300",0,0
655,TheVishalbhatt,Humour,14700000.00,IN,IND,"446,900","27,600",49
656,nostalgia,Entertainment,14700000.00,BR,BRA,"53,900","6,400",335
657,DentalDigest,Food,14700000.00,US,USA,"6,400,000","209,400",563
658,zeebangla,Entertainment,14700000.00,IN,IND,"1,300",17,0
659,cokestudio,Music,14700000.00,PK,PAK,"1,800,000","1,400",47
660,LikeNastya_Stories,Hobby,14700000.00,US,USA,"77,600",345,0
661,user-ts8yv9np7m,Hobby,14700000.00,KR,KOR,"38,000",159,0
662,infobellskannadarhymes,Film,14700000.00,IN,IND,"348,300","8,100",0
663,ZEE5,Entertainment,14700000.00,IN,IND,256,8,0
664,rebeccazamolo,Lifestyle_(sociology),14600000.00,US,USA,"2,900,000","30,400","2,600"
665,ZigandSharko,Television_program,14600000.00,FR,FRA,"136,900",935,0
666,VijayKumarVinerVlogs,Film,14600000.00,IN,IND,"110,600","3,100",5
667,GMM25Thailand,Entertainment,14600000.00,TH,THA,"2,900",34,0
668,Telemundo,Entertainment,14600000.00,US,USA,"2,800",53,4
669,TheDodo,Lifestyle_(sociology),14600000.00,US,USA,"462,900","12,300",412
670,NatanporAi,Lifestyle_(sociology),14600000.00,BR,BRA,"1,500,000","28,300",221
671,IDEIASINCRIVEIS,Hobby,14600000.00,BR,BRA,"11,000",120,3
672,boramtubetoysreview9575,Lifestyle_(sociology),14600000.00,KR,KOR,"9,500",77,0
673,legendaefunk,Electronic_music,14600000.00,BR,BRA,"3,700",154,8
674,woodyandkleiny,Entertainment,14600000.00,GB,GBR,"524,900","35,100",86
675,NobruTV,Action-adventure_game,14600000.00,BR,BRA,"367,300","31,300",125
676,reactiontime,Lifestyle_(sociology),14600000.00,US,USA,"12,600",681,30
677,TommyInnit,Role-playing_video_game,14600000.00,GB,GBR,"1,400,000","99,000","4,900"
678,LillySingh,Entertainment,14600000.00,CA,CAN,"54,700","3,600",55
679,lesboystv,Lifestyle_(sociology),14500000.00,US,USA,"28,700",0,0
680,GH.S,Film,14500000.00,KR,KOR,"5,100,000","194,600",816
681,IanBoggs,Entertainment,14500000.00,JP,JPN,"2,500,000","175,300","1,800"
682,Drawblogs,Entertainment,14400000.00,PE,PER,"9,300",446,25
683,RosannaPansino,Lifestyle_(sociology),14400000.00,US,USA,"48,500","3,300",31
684,LuliPampin,Entertainment,14400000.00,ES,ESP,"1,200,000","2,500",0
685,CrescendocomLuluca,Lifestyle_(sociology),14400000.00,BR,BRA,"768,300","31,200","1,700"
686,AlexaRivera,Lifestyle_(sociology),14400000.00,US,USA,"3,500,000","87,700","2,500"
687,dangmattsmith,Entertainment,14400000.00,US,USA,"58,000","3,000",274
688,WishFM1075official,Rock_music,14400000.00,PH,PHL,"49,400",711,73
689,BobonSantoso,Lifestyle_(sociology),14400000.00,ID,IDN,"242,200","7,100",137
690,nikkietutorials,Lifestyle_(sociology),14400000.00,NL,NLD,"2,700,000","152,400","1,100"
691,Compot,Video_game_culture,14400000.00,RU,RUS,"1,000,000","40,600","1,700"
692,vladandnikirus,Hobby,14300000.00,US,USA,"832,100","2,700",0
693,JamunaTVbd,Society,14300000.00,BD,BGD,"3,800",70,11
694,zeetvtelugu,Entertainment,14300000.00,IN,IND,"2,700",78,0
695,seungbini67,Lifestyle_(sociology),14300000.00,KR,KOR,"9,200,000","325,200","2,000"
696,boxtoxtv,Entertainment,14300000.00,DE,DEU,"1,700,000","53,500",138
697,ETVJabardasth,Television_program,14300000.00,IN,IND,"70,800","1,700",4
698,Jazzghost,Role-playing_video_game,14200000.00,BR,BRA,"1,400,000","61,500","2,100"
699,BieTheSka,Film,14200000.00,TH,THA,"316,600","8,900",71
700,airrack,Lifestyle_(sociology),14200000.00,US,USA,"4,400,000","192,700","6,400"
701,inventonahora,Lifestyle_(sociology),14200000.00,BR,BRA,"466,900","47,500",447
702,TheSocialFactory,Film,14200000.00,IN,IND,0,0,0
703,nehakakkar,Music,14200000.00,IN,IND,"320,100","25,600",284
704,SuperPolina,Hobby,14200000.00,US,USA,"1,800",10,0
705,ComePlayWithMe,Hobby,14200000.00,US,USA,"1,500,000",0,0
706,veritasium,Lifestyle_(sociology),14200000.00,US,USA,"2,800,000","110,800","7,500"
707,SanjoyDasOfficial,Entertainment,14200000.00,IN,IND,"326,200","34,800",101
708,karameeshchannel,Film,14200000.00,JO,JOR,"267,600","1,900",0
709,AM3NlC,Technology,14200000.00,BR,BRA,"329,100","25,200",303
710,huba3,Food,14200000.00,US,USA,"1,100,000","27,400",109
711,DEVKeFacts,Lifestyle_(sociology),14200000.00,IN,IND,"1,200,000","45,600",27
712,ATRO55,Video_game_culture,14200000.00,NL,NLD,"523,100","51,200","3,600"
713,Narobeauty,Lifestyle_(sociology),14200000.00,SE,SWE,"2,400,000","124,700","5,300"
714,trapcity,Music,14200000.00,NL,NLD,"17,500",734,30
715,refugiomental6032,Entertainment,14200000.00,BR,BRA,"76,600","1,200",22
716,vilmei,Entertainment,14200000.00,ID,IDN,"162,100",0,304
717,TVAnaEmilia,Technology,14200000.00,MX,MEX,"85,800","4,100",276
718,thinkmusicofficial,Music,14200000.00,IN,IND,"41,900","1,000",19
719,tseriesregional,Music_of_Asia,14200000.00,IN,IND,"6,900",59,5
720,MasterskayaNastroeny,Entertainment,14100000.00,RU,RUS,"125,600","2,700",81
721,theHacksmith,Lifestyle_(sociology),14100000.00,CA,CAN,"174,900","10,200",102
722,StrayKids,Music_of_Asia,14100000.00,KR,KOR,"839,600","146,500","4,300"
723,kidstvindia,Music,14100000.00,IN,IND,"24,100",70,0
724,vladynikishow,Hobby,14100000.00,US,USA,"312,400","1,100",0
725,RaptorGamer,Video_game_culture,14000000.00,EC,ECU,"257,400","19,900",319
726,geonews,Society,14000000.00,PK,PAK,"3,900",47,3
727,OQueNaoDizerOficial,Entertainment,14000000.00,BR,BRA,"61,400","7,300",94
728,atlanticrecords,Pop_music,14000000.00,US,USA,"6,300",315,11
729,Acenix,Action-adventure_game,14000000.00,ES,ESP,"741,100","23,400",821
730,Infobellsrhymes,Entertainment,14000000.00,IN,IND,"105,600","3,300",0
731,GoldminesPremiere,Entertainment,14000000.00,IN,IND,"8,900",168,0
732,DesiGamers_,Role-playing_video_game,14000000.00,IN,IND,"971,100","99,700","2,500"
733,juliagisella,Hobby,14000000.00,US,USA,"524,700","53,100","1,100"
734,albert_cancook,Lifestyle_(sociology),14000000.00,US,USA,"6,700,000","459,100","2,500"
735,bibotoysrus,Entertainment,13900000.00,RU,RUS,"106,400",0,0
736,adeletsami3286,Lifestyle_(sociology),13900000.00,US,USA,"8,000",37,0
737,123GOSpanish,Hobby,13900000.00,MX,MEX,"60,400",547,15
738,Mythpat,Video_game_culture,13900000.00,IN,IND,"11,700,000","1,200,000","15,800"
739,MaviGadgets,Lifestyle_(sociology),13900000.00,US,USA,"212,800","4,600",18
740,wesleysafadao,Pop_music,13900000.00,BR,BRA,"162,700","4,600",139
741,BBC,Entertainment,13800000.00,GB,GBR,"9,900",226,5
742,nishamadhulika,Food,13800000.00,IN,IND,"132,400","3,200",538
743,AdamW,Entertainment,13800000.00,US,USA,"2,900,000","98,200",470
744,FAPTV,Film,13800000.00,VN,VNM,"75,100","2,300",14
745,BigTastyAnimations,Action_game,13800000.00,FI,FIN,"199,900","12,600",27
746,jbalvinVEVO,Hip_hop_music,13800000.00,CO,COL,0,0,0
747,jomyproductionshorts,Entertainment,13800000.00,IN,IND,"258,800","8,600",30
748,jojotvhindi,Film,13800000.00,IN,IND,"19,700",499,0
749,MAIKI021,Lifestyle_(sociology),13800000.00,BR,BRA,"6,000",754,62
750,penguinz0,Action_game,13800000.00,US,USA,"1,700,000","71,600","4,500"
751,PetsSwag,Lifestyle_(sociology),13800000.00,US,USA,"909,900","30,500",286
752,codiscos,Music,13800000.00,CO,COL,"19,500",287,7
753,blockbustermovies7960,Film,13800000.00,IN,IND,"8,700",174,2
754,ZeinabHarakeVlogs,Lifestyle_(sociology),13800000.00,PH,PHL,"2,800,000","94,000","3,700"
755,gmanews,Society,13800000.00,PH,PHL,"3,400",48,4
756,PlayHard,Video_game_culture,13800000.00,BR,BRA,"120,000","12,000",85
757,TypicalGamer,Action_game,13800000.00,CA,CAN,"284,700","7,400",210
758,mymissanand,Lifestyle_(sociology),13700000.00,IN,IND,"965,100","17,300","1,000"
759,WanasahTV1,Film,13700000.00,SA,SAU,"856,300","3,500",0
760,ladydiana11,Entertainment,13700000.00,UA,UKR,"2,600,000","58,300","3,500"
761,AmaraQueLinda,Lifestyle_(sociology),13600000.00,CO,COL,"719,100","59,000",172
762,BUDI01GAMING,Action_game,13600000.00,ID,IDN,"625,000","26,000","1,300"
763,lunomosik,Entertainment,13600000.00,RU,RUS,"1,400,000","27,500","1,200"
764,KidsLineKOYA,Entertainment,13600000.00,US,USA,"9,300",40,0
765,TrakinTech,Technology,13600000.00,IN,IND,"418,000","22,800",817
766,Vogue,Lifestyle_(sociology),13600000.00,US,USA,"114,800","5,700",44
767,MyMateNate,Lifestyle_(sociology),13600000.00,TH,THA,"1,300,000","30,700","1,100"
768,luismendez1405,Entertainment,13600000.00,MX,MEX,"1,000,000","182,000","1,600"
769,awakeningrecords,Music,13600000.00,GB,GBR,"15,300",675,35
770,TwinsFromRussiaRevega,Entertainment,13600000.00,US,USA,"65,200","2,000",13
771,onlinejobRk,Society,13600000.00,IN,IND,"4,300",99,13
772,BanderitaX,Action-adventure_game,13600000.00,SA,SAU,"1,200,000","88,200","4,600"
773,Anaysa,Film,13600000.00,IN,IND,"94,900","4,900",76
774,Painzeiro,Lifestyle_(sociology),13600000.00,BR,BRA,"351,800","7,500",319
775,PozziGamer,Role-playing_video_game,13600000.00,US,USA,"391,900","15,400","1,000"
776,ConorMaynard,Music,13600000.00,US,USA,"52,200","2,600",131
777,Wengie,Lifestyle_(sociology),13600000.00,US,USA,"17,000","1,200",137
778,ryan,Lifestyle_(sociology),13600000.00,US,USA,"7,000,000","222,800","11,500"
779,Thegeetagurjar,Film,13500000.00,IN,IND,"3,200,000","70,800",57
780,sportsnationespn,Lifestyle_(sociology),13500000.00,US,USA,"114,000","3,700",39
781,itsDrRyan,Lifestyle_(sociology),13500000.00,US,USA,"1,000,000","39,200",634
782,MCDivertida,Lifestyle_(sociology),13500000.00,BR,BRA,"288,700","1,400",0
783,TechnologyGyan,Technology,13400000.00,IN,IND,"445,400","29,100","1,200"
784,MattSDance,Hip_hop_music,13400000.00,US,USA,"54,200","2,700",24
785,KabitasKitchen,Lifestyle_(sociology),13400000.00,IN,IND,"111,000","3,900",156
786,gags,Entertainment,13400000.00,US,USA,"156,900","1,500",38
787,theworldadventureshindi,Lifestyle_(sociology),13400000.00,IN,IND,"6,200",342,21
788,SonotekBhakti,Music_of_Asia,13400000.00,IN,IND,"4,400",109,13
789,H2ODelirious,Action-adventure_game,13400000.00,US,USA,"153,900","6,600",163
790,athleanx,Lifestyle_(sociology),13400000.00,US,USA,"340,400","13,000",926
791,TheInfographicsShow,Politics,13400000.00,US,USA,"162,500","5,700",232
792,theRadBrad,Action_game,13400000.00,US,USA,"76,600","3,200",182
793,LofiGirl,Hip_hop_music,13400000.00,FR,FRA,"139,000","8,500",132
794,KurtHugoSchneider,Entertainment,13400000.00,US,USA,"20,600","1,200",72
795,AzzyLand,Lifestyle_(sociology),13400000.00,CA,CAN,"115,600","3,600",472
796,BrawlStars,Puzzle_video_game,13400000.00,FI,FIN,"1,500,000","98,400","2,700"
797,einerdtv,Film,13400000.00,BR,BRA,"155,100","22,400",614
798,AlexGonzagaOfficial,Lifestyle_(sociology),13400000.00,PH,PHL,"1,600,000","36,300","1,100"
799,PeppaPigPortuguesOficial,Film,13300000.00,BR,BRA,"354,800","1,900",0
800,VexTrexKidsCartoon,Entertainment,13300000.00,UA,UKR,"21,100",0,0
801,MashaBearUkraine,Entertainment,13300000.00,UA,UKR,"85,400",673,0
802,DJKhaledOfficial,Music,13300000.00,US,USA,"178,400","4,500",201
803,OficialHungria,Music,13300000.00,BR,BRA,"75,000","7,400",132
804,prantoniojunior,Society,13300000.00,BR,BRA,"246,300","46,500","5,100"
805,Akon,Music,13200000.00,US,USA,"32,000","1,900",91
806,knowledgetvhindi001,Politics,13200000.00,IN,IND,"58,100","2,300",87
807,GuiGe,Entertainment,13200000.00,HK,HKG,"176,700","6,100",9
808,MARIANAMIAMORCH,Entertainment,13200000.00,MX,MEX,"533,700","32,300",330
809,NickPro,Lifestyle_(sociology),13200000.00,CA,CAN,"12,200,000","286,000",245
810,RauwAlejandroTv,Hip_hop_music,13200000.00,PR,PRI,"219,400","7,300",367
811,LizaBaez,Lifestyle_(sociology),13200000.00,MX,MEX,"832,800","104,300",840
812,klara_tania,Entertainment,13200000.00,ID,IDN,"834,500","47,500",245
813,Caylus,Role-playing_video_game,13200000.00,US,USA,"477,600","11,800",789
814,AlArabiya,Society,13200000.00,SA,SAU,"5,000",90,5
815,Davie504,Entertainment,13200000.00,IT,ITA,0,0,0
816,JesseAndMike,Film,13200000.00,US,USA,"201,400","3,600",132
817,redetv,Lifestyle_(sociology),13200000.00,BR,BRA,"2,500",90,2
818,spider-maaaaaaan,Film,13100000.00,IN,IND,"1,900,000","45,000",81
819,CznBurak,Lifestyle_(sociology),13100000.00,TR,TUR,"1,400,000","72,500","1,000"
820,rupalchoudharytd,Entertainment,13100000.00,IN,IND,"279,100","21,000",97
821,CuteWolfVideos,Film,13100000.00,US,USA,"53,500",116,0
822,TopViralTalentYT,Performing_arts,13000000.00,US,USA,"17,700",283,12
823,ColeAndSav,Lifestyle_(sociology),13000000.00,US,USA,"322,100","10,100",0
824,gymvirtual,Physical_fitness,13000000.00,ES,ESP,"50,900","1,900",49
825,DuoTiempoDeSol,Film,13000000.00,AR,ARG,"47,400",170,0
826,KiryaKolesnikov,Lifestyle_(sociology),13000000.00,US,USA,"54,700","1,900",7
827,MoniLinaFamily,Lifestyle_(sociology),13000000.00,US,USA,"147,300","3,600",13
828,zeetamil,Entertainment,13000000.00,IN,IND,"1,200",11,0
829,mariano_razo,Lifestyle_(sociology),13000000.00,MX,MEX,"5,300,000","399,300","1,100"
830,Chustertv,Film,13000000.00,ES,ESP,"1,600,000","96,300",296
831,francoescamilla,Film,13000000.00,MX,MEX,"560,000","11,800",288
832,sulgiyang,Lifestyle_(sociology),13000000.00,KR,KOR,"557,500","8,600",349
833,TalkingAngela,Entertainment,13000000.00,SI,SVN,"53,000",360,0
834,officialjassrecords,Music,13000000.00,IN,IND,"12,800",662,7
835,bibotoyskor,Hobby,12900000.00,KR,KOR,"4,300",0,0
836,HeidiandZidaneEsp,Hobby,12900000.00,US,USA,"61,100",363,0
837,dianaandromaind5591,Entertainment,12900000.00,US,USA,"222,200",395,0
838,Behindwoodstv,Entertainment,12900000.00,IN,IND,"13,300",386,2
839,dhruvrathee,Society,12900000.00,DE,DEU,"6,400,000","328,000","10,000"
840,TroomTroom_India,Lifestyle_(sociology),12900000.00,IN,IND,"21,200",244,5
841,watchHitsHD,Music,12900000.00,IN,IND,"72,300","8,200",41
842,janesergo,Lifestyle_(sociology),12900000.00,TH,THA,"99,500","2,600",10
843,RobTopGames,Video_game_culture,12800000.00,SE,SWE,"2,200,000","217,900","16,000"
844,FreeFireIndiaOfficial,Action_game,12800000.00,IN,IND,"308,800","25,200",416
845,FamilyFitnessChannel,Lifestyle_(sociology),12800000.00,IN,IND,"318,800","14,400",610
846,EnglishConnectionByKanchan,Entertainment,12800000.00,IN,IND,"247,400","15,200",279
847,MrSuicideSheep,Electronic_music,12800000.00,CA,CAN,"39,700","1,900",37
848,MundoBita,Entertainment,12800000.00,BR,BRA,"152,700","2,700",0
849,GustavoParodiasOficial,Film,12800000.00,BR,BRA,"168,800","7,700",34
850,NANDO,Lifestyle_(sociology),12800000.00,MX,MEX,"208,300","13,000",70
851,elliegouldingofficial,Lifestyle_(sociology),12800000.00,GB,GBR,0,0,0
852,AdexeyNau,Music_of_Latin_America,12800000.00,ES,ESP,"13,100","1,500",62
853,NDTV,Society,12800000.00,IN,IND,"1,400",10,1
854,piuzinho,Video_game_culture,12800000.00,BR,BRA,"527,100","107,700","3,800"
855,BlossomTV,Hobby,12800000.00,US,USA,"24,800",747,5
856,ZeeKids,Film,12800000.00,IN,IND,"153,700","2,600",0
857,FlowersComedy,Film,12800000.00,IN,IND,"101,900","1,000",169
858,FirstWeFeast,Entertainment,12800000.00,US,USA,"157,600","5,500",86
859,Morgz,Entertainment,12800000.00,GB,GBR,"1,100,000","31,100",217
860,Littleglove,Lifestyle_(sociology),12800000.00,IN,IND,"1,100,000","61,700",221
861,MoonbugKids_SingAlongWithMe,Music,12700000.00,US,USA,"49,000",100,0
862,refugiomental6818,Entertainment,12700000.00,BR,BRA,"107,400","2,700",28
863,Yair17,Action_game,12600000.00,MX,MEX,"159,800","14,700",411
864,NITINFREEFIRE,Video_game_culture,12600000.00,IN,IND,"1,500,000","177,800","4,100"
865,MasSKabeche,Lifestyle_(sociology),12600000.00,MX,MEX,0,0,0
866,WaveMusicBhakti,Music,12600000.00,IN,IND,"3,400",52,3
867,TheDaniRep,Action-adventure_game,12600000.00,ES,ESP,"195,500","19,600",95
868,parafernalha,Entertainment,12600000.00,BR,BRA,"84,900","6,300",55
869,TimbaVk,Action-adventure_game,12600000.00,ES,ESP,"414,000","15,200",472
870,NasDaily,Lifestyle_(sociology),12600000.00,US,USA,"448,700","19,300",793
871,TroomTroom_Indonesia,Entertainment,12600000.00,ID,IDN,"59,800",509,16
872,casey,Lifestyle_(sociology),12600000.00,US,USA,0,0,0
873,bharatzkitchenHINDI,Food,12600000.00,IN,IND,"271,000","4,100",183
874,jtcasey,Entertainment,12600000.00,US,USA,"156,600","7,400",136
875,aljazeera,Politics,12600000.00,QA,QAT,"7,000",105,14
876,WildNOut,Film,12600000.00,US,USA,"228,400","8,600",176
877,gibby,Technology,12600000.00,MX,MEX,"174,400","9,500",364
878,BiperYSusAmigos,Music,12600000.00,US,USA,"155,000",0,0
879,AvrilLavigne,Rock_music,12600000.00,CA,CAN,"53,600","5,700",197
880,nhstudioz,Music_of_Asia,12600000.00,IN,IND,"11,500",77,3
881,QuantumTech,Lifestyle_(sociology),12600000.00,ES,ESP,"185,300","2,300",55
882,DisneyChannelUK,Entertainment,12600000.00,GB,GBR,"19,000",307,0
883,pocoyo,Entertainment,12600000.00,ES,ESP,"335,000","2,200",0
884,TroomTroom_Pt,Entertainment,12600000.00,PT,PRT,"43,700",971,14
885,GoldminesActionMovies,Film,12600000.00,IN,IND,"7,900",139,0
886,redbull,Lifestyle_(sociology),12600000.00,AT,AUT,"1,400,000","52,300",322
887,CHHOTUKIMASTI,Entertainment,12600000.00,IN,IND,"655,600","5,600",84
888,parislifestyle7488,Lifestyle_(sociology),12600000.00,IN,IND,"517,100","5,100",345
889,DRJRecordsspecials,Film,12600000.00,US,USA,"8,900",46,1
890,colinfurze,Hobby,12600000.00,GB,GBR,"1,500,000","69,600","2,600"
891,justinflom,Entertainment,12600000.00,US,USA,"791,700","18,100",188
892,PeopleVsFood,Lifestyle_(sociology),12600000.00,US,USA,"388,300","14,200",789
893,RachitRojha,Entertainment,12600000.00,IN,IND,"1,600,000","38,600","1,100"
894,Baby_Jenny,Entertainment,12500000.00,US,USA,"18,600",71,0
895,hzhtubekidsfun,Entertainment,12500000.00,US,USA,"79,000","1,500",0
896,healthtime6469,Health,12500000.00,IN,IND,"3,300",115,4
897,LittleBabyBumEspanol,Film,12500000.00,ES,ESP,"7,200",18,0
898,HeroMovies2023,Entertainment,12500000.00,IN,IND,"7,100",215,2
899,CalvinHarrisVEVO,Music,12500000.00,GB,GBR,"71,300","3,500",156
900,FarjanaDrawingAcademy,Lifestyle_(sociology),12500000.00,BD,BGD,"387,100","25,100",316
901,TeremokTV,Television_program,12500000.00,RU,RUS,"95,400",253,0
902,eltrece,Television_program,12400000.00,AR,ARG,"1,500",15,3
903,TheKingofRandom,Lifestyle_(sociology),12400000.00,US,USA,"32,700","1,000",86
904,Vendyyaduwanshi,Film,12400000.00,IN,IND,"353,000","44,100",74
905,ArynewsTvofficial,Politics,12400000.00,PK,PAK,"3,600",75,2
906,MakeJokeOf,Entertainment,12400000.00,IN,IND,"7,400,000","343,000","12,000"
907,LOUDgg,Lifestyle_(sociology),12400000.00,BR,BRA,"310,800","22,300",275
908,ctctv,Entertainment,12400000.00,RU,RUS,"39,900",940,20
909,TalentRecap,Entertainment,12400000.00,US,USA,"52,100",544,36
910,LittleTreehouseNurseryRhymes,Music,12400000.00,US,USA,"104,200",373,0
911,scottsreality,Entertainment,12400000.00,NL,NLD,"9,300,000","199,200","1,600"
912,OliviaRodrigo,Music,12400000.00,US,USA,"1,600,000","78,000","2,400"
913,GrandmasterJinBodhi,Lifestyle_(sociology),12400000.00,CA,CAN,"26,400",639,26
914,IceCreamRolls,Lifestyle_(sociology),12400000.00,DE,DEU,"18,000",634,29
915,_gogo2728,Lifestyle_(sociology),12400000.00,IN,IND,"86,700","8,200",37
916,FilmTheory,Entertainment,12400000.00,US,USA,"1,200,000","71,500","4,500"
917,HISTORY,Television_program,12400000.00,US,USA,"108,200","1,900",167
918,NattiNatasha,Pop_music,12400000.00,US,USA,"56,300","3,400",65
919,123GO_,Lifestyle_(sociology),12400000.00,US,USA,"133,200",549,26
920,JoojNatu,Entertainment,12400000.00,BR,BRA,"2,300,000","197,700",759
921,belabagunca,Lifestyle_(sociology),12400000.00,BR,BRA,"114,900","3,900",87
922,BlackEyedPeas,Pop_music,12400000.00,US,USA,"10,100",498,9
923,rathorvideo,Music,12400000.00,IN,IND,"5,300",55,4
924,InsideEdition,Society,12400000.00,US,USA,"65,800","1,700",173
925,Panda.,Video_game_culture,12400000.00,SE,SWE,"839,300","70,100",800
926,NirahuaMusic,Music,12300000.00,AE,ARE,"799,200","8,900",199
927,WatchMeOff,Entertainment,12300000.00,US,USA,"749,800","20,200",89
928,LuanSantana,Music,12300000.00,US,USA,"1,200,000","50,000","1,500"
929,JugnuKidsrhymes,Music,12300000.00,IN,IND,"46,900",176,0
930,MBCMASRtv,Society,12200000.00,EG,EGY,"2,200",39,2
931,Lulu99,Lifestyle_(sociology),12200000.00,CO,COL,"410,400","32,000",660
932,LipaoGamer,Action-adventure_game,12200000.00,BR,BRA,"130,100","5,100",86
933,lilwayne,Music,12200000.00,US,USA,"203,700","11,100",576
934,natandessie,Hobby,12200000.00,US,USA,"62,600",256,0
935,itsxomgpop,Music,12200000.00,US,USA,"32,900","1,500",0
936,yogawithadriene,Lifestyle_(sociology),12200000.00,US,USA,0,0,0
937,SPDNOO1,Lifestyle_(sociology),12200000.00,TH,THA,"1,600,000","62,500",137
938,bbcearth,Entertainment,12200000.00,GB,GBR,"92,100","1,600",103
939,telugufilmnagar,Film,12200000.00,IN,IND,"3,400",55,1
940,MashaBearHINDI,Entertainment,12200000.00,IN,IND,"90,900","1,600",0
941,MUSATANVEER,Entertainment,12200000.00,AE,ARE,"166,700","3,200",43
942,brancoala,Hobby,12200000.00,BR,BRA,"343,100","6,200",204
943,KooKooTvHindi,Television_program,12200000.00,IN,IND,"337,800","2,600",80
944,TWOSIDEGAMERS,Video_game_culture,12200000.00,IN,IND,"200,400","18,800",656
945,flamingo,Role-playing_video_game,12200000.00,US,USA,"1,800,000","71,300","8,800"
946,OumWalidcuisine,Food,12200000.00,DZ,DZA,"333,500","16,000",791
947,elrubius,Video_game_culture,12200000.00,ES,ESP,"1,100,000","85,600",934
948,Aniruddhacharyaji,Music,12100000.00,IN,IND,"116,400","3,600",192
949,SaregamaHumBhojpuri,Music,12100000.00,IN,IND,"39,300","2,200",40
950,Super_Senya_RU,Hobby,12100000.00,US,USA,"47,200",192,0
951,HiTechIslamic,Music_of_Asia,12100000.00,GB,GBR,"62,200",810,59
952,timesmusicindia,Music_of_Asia,12100000.00,IN,IND,"5,400",265,7
953,CarryisLive,Video_game_culture,12000000.00,IN,IND,0,0,0
954,AnnoyingOrange,Film,12000000.00,US,USA,"187,200","6,900",445
955,HeeraGoldOfficial,Music_of_Asia,12000000.00,PK,PAK,"30,600",953,70
956,ChainsmokersVEVO,Music,12000000.00,US,USA,"406,600","16,300",663
957,Family-Box,Lifestyle_(sociology),12000000.00,RU,RUS,"177,400","6,300",86
958,linhnhishorts,Entertainment,12000000.00,NL,NLD,"500,700","8,300",9
959,dojacat,Soul_music,11900000.00,US,USA,"13,600,000","395,300","73,000"
960,BS_Arabic,Lifestyle_(sociology),11900000.00,EG,EGY,"6,000",160,11
961,deepalimarkam1,Humour,11900000.00,IN,IND,"1,400,000",0,300
962,M4Techofficial,Lifestyle_(sociology),11900000.00,IN,IND,"825,300","38,100",827
963,CNCOMusic,Music,11900000.00,US,USA,"8,400","2,100",83
964,SingleTrackStudioz,Music_of_Asia,11900000.00,IN,IND,"20,300",351,16
965,FrontaLGaming,Action_game,11900000.00,ID,IDN,"113,100","3,900",195
966,mmdcrew,Hip_hop_music,11900000.00,RU,RUS,"3,100,000","189,900","4,800"
967,PlanetEarthINDIA,Entertainment,11900000.00,IN,IND,"12,200",577,61
968,TeremokSongs,Film,11900000.00,RU,RUS,"66,100",170,0
969,user-tt5ge5fj4i,Hobby,11900000.00,US,USA,"72,200",385,0
970,UTKARSHCLASSES13,Knowledge,11900000.00,IN,IND,"79,100","6,300",136
971,itsbrothersvlog,Food,11900000.00,PK,PAK,"3,100,000",0,31
972,GoldminesHousefull,Entertainment,11900000.00,IN,IND,"8,000",0,0
973,oggy,Film,11900000.00,FR,FRA,"163,700","1,300",0
974,PeppaPigHindiOfficial,Television_program,11900000.00,IN,IND,"451,700","2,900",0
975,KaKaKidsTV,Music,11900000.00,US,USA,"19,200",434,0
976,toysplay,Hobby,11900000.00,US,USA,"185,200",506,0
977,NickDiGiovanni,Food,11900000.00,US,USA,"4,300,000","339,800","2,700"
978,sagahits,Music,11900000.00,IN,IND,"25,800",497,10
979,HikakinTV,Music,11900000.00,JP,JPN,"2,100,000","51,000","2,300"
980,Jackdohertyy,Entertainment,11900000.00,US,USA,"867,800","37,000",406
981,GarenaFreeFireLATAM,Action_game,11900000.00,MX,MEX,"37,900","2,600",41
982,Enterr10Rangeela,Music,11900000.00,IN,IND,"20,600",325,4
983,KenhThieuNhiBHMedia,Pop_music,11900000.00,US,USA,"10,200",28,0
984,mussoumano,Hip_hop_music,11900000.00,BR,BRA,"1,600,000","68,700","2,400"
985,videogyan,Film,11800000.00,IN,IND,"955,300","19,800",0
986,lukedavidson81,Entertainment,11800000.00,CA,CAN,"1,700,000","109,200","1,000"
987,cute.shivani.05,Music,11700000.00,IN,IND,"2,100,000",0,959
988,NFL,Sport,11700000.00,US,USA,"21,400",692,42
989,MykeTowers,Music_of_Latin_America,11700000.00,US,USA,"11,000",629,18
990,cut,Film,11700000.00,US,USA,"359,000","8,800",342
991,JoeHattab,Society,11700000.00,AE,ARE,"1,900,000","98,500","2,900"
992,BeAmazed,Lifestyle_(sociology),11700000.00,US,USA,"477,800","9,900",556
993,5MinuteCraftsLIKE,Lifestyle_(sociology),11700000.00,US,USA,"2,700",28,1
994,RedChilliesEntertainment,Film,11700000.00,IN,IND,"848,300","66,700",842
995,VYRLOriginals,Music,11700000.00,IN,IND,"48,800",949,101
996,hamzymukbang,Food,11700000.00,KR,KOR,"397,400","14,000",124
997,Adaahqueen,Film,11700000.00,IN,IND,"1,100,000","92,500",164
998,LittleAngelIndonesia,Entertainment,11700000.00,ID,IDN,"211,400",745,0
999,PenMultiplex,Film,11700000.00,IN,IND,"14,000",81,1
1000,OneindiaHindi,Society,11700000.00,IN,IND,"2,200",31,1
